election,election_date,pref_code,district,election_id,municipality_code,municipality_part,counting_units,A1_collection_status,A1_mayor_name,A1_mayor_affiliation,A1_candidates,A1_candidate_parties,A1_candidate_results,A1_forms,A1_source_urls,A1_outlets,A1_dates,A1_quotes,A1_heading,A1_derived,A2_top1_name,A2_top1_party,A2_top1_nomination,A2_top1_result,A2_top1_share,A2_top2_name,A2_top2_party,A2_top2_nomination,A2_top2_result,A2_top2_share,A2_gap_pt,A2_winner_share,A2_winner_rank,A2_heading,A2_derived,A3_winner_name,A3_winner_party,A3_winner_positions,A3_revived_names,A3_revived_parties,A3_revived_positions,tokko_march_period_start,tokko_march_decided_date,tokko_march_prev_value,tokko_march_value,tokko_march_delta,tokko_march_delta_pct,tokko_march_direction,tokko_march_event_ids,mlit_sole_grants_period_start,mlit_sole_grants_decided_date,mlit_sole_grants_prev_value,mlit_sole_grants_value,mlit_sole_grants_delta,mlit_sole_grants_delta_pct,mlit_sole_grants_direction,mlit_sole_grants_event_ids,mlit_road_period_start,mlit_road_decided_date,mlit_road_prev_value,mlit_road_value,mlit_road_delta,mlit_road_delta_pct,mlit_road_direction,mlit_road_event_ids,threshold
shugiin_20260208,2026-02-08,09,1,shugiin_20260208_smd_09_1,092011,宇都宮市(1区部分),宇都宮市第1,未収集,,,,,,,,,,,未収集,未収集,船田 はじめ,自由民主党,自由民主党公認,選挙区当選,0.4032,小池 あつし,中道改革連合,中道改革連合公認,落選,0.2151,18.81,0.4032,1,自由民主党公認・選挙区当選 の候補が 1 位,勝者トップ,船田 はじめ,自由民主党,選挙後の役職の登録なし(官邸の閣僚・副大臣・大臣政務官名簿(2026-02-18 と 2026-09-17)に記載なし。党役職は未収集),柏倉 ゆうじ,日本維新の会,選挙後の役職の登録なし(官邸の閣僚・副大臣・大臣政務官名簿(2026-02-18 と 2026-09-17)に記載なし。党役職は未収集),2025-04-01,2026-03-17,521709.0,678525.0,156816.0,0.3006,増加,gen-mlit-release-2025;gen-tokko-2025-tokko_dec;gen-election-shugiin_20260208_smd_09_1;gen-election-shugiin_20260208_smd_09_2;gen-cabinet-2026-02-18;gen-position-motegi_toshimitsu-外務大臣-2026-02-18;gen-tokko-2025-tokko_march,2026-04-01,2026-04-07,2938919.0,3679026.0,740107.0,0.2518,増加,gen-tokko-2025-tokko_dec;gen-election-shugiin_20260208_smd_09_1;gen-election-shugiin_20260208_smd_09_2;gen-cabinet-2026-02-18;gen-position-motegi_toshimitsu-外務大臣-2026-02-18;gen-tokko-2025-tokko_march;gen-mlit-release-2026,2026-04-01,2026-04-07,905000.0,505000.0,-400000.0,-0.442,減少,gen-tokko-2025-tokko_dec;gen-election-shugiin_20260208_smd_09_1;gen-election-shugiin_20260208_smd_09_2;gen-cabinet-2026-02-18;gen-position-motegi_toshimitsu-外務大臣-2026-02-18;gen-tokko-2025-tokko_march;gen-mlit-release-2026,0.05
shugiin_20260208,2026-02-08,09,1,shugiin_20260208_smd_09_1,093017,上三川町,上三川町,未収集,,,,,,,,,,,未収集,未収集,船田 はじめ,自由民主党,自由民主党公認,選挙区当選,0.4359,小池 あつし,中道改革連合,中道改革連合公認,落選,0.216,21.99,0.4359,1,自由民主党公認・選挙区当選 の候補が 1 位,勝者トップ,船田 はじめ,自由民主党,選挙後の役職の登録なし(官邸の閣僚・副大臣・大臣政務官名簿(2026-02-18 と 2026-09-17)に記載なし。党役職は未収集),柏倉 ゆうじ,日本維新の会,選挙後の役職の登録なし(官邸の閣僚・副大臣・大臣政務官名簿(2026-02-18 と 2026-09-17)に記載なし。党役職は未収集),2025-04-01,2026-03-17,,,,,未取得,gen-mlit-release-2025;gen-tokko-2025-tokko_dec;gen-election-shugiin_20260208_smd_09_1;gen-cabinet-2026-02-18;gen-position-motegi_toshimitsu-外務大臣-2026-02-18;gen-tokko-2025-tokko_march,2026-04-01,2026-04-07,29400.0,42350.0,12950.0,0.4405,増加,gen-tokko-2025-tokko_dec;gen-election-shugiin_20260208_smd_09_1;gen-cabinet-2026-02-18;gen-position-motegi_toshimitsu-外務大臣-2026-02-18;gen-tokko-2025-tokko_march;gen-mlit-release-2026,2026-04-01,2026-04-07,95000.0,65000.0,-30000.0,-0.3158,減少,gen-tokko-2025-tokko_dec;gen-election-shugiin_20260208_smd_09_1;gen-cabinet-2026-02-18;gen-position-motegi_toshimitsu-外務大臣-2026-02-18;gen-tokko-2025-tokko_march;gen-mlit-release-2026,0.05
shugiin_20260208,2026-02-08,09,2,shugiin_20260208_smd_09_2,092011,宇都宮市(2区部分),宇都宮市第2,未収集,,,,,,,,,,,未収集,未収集,いがらし 清,自由民主党,自由民主党公認,選挙区当選,0.5073,福田 あきお,中道改革連合,中道改革連合公認,落選,0.3368,17.05,0.5073,1,自由民主党公認・選挙区当選 の候補が 1 位,勝者トップ,いがらし 清,自由民主党,選挙後の役職の登録なし(官邸の閣僚・副大臣・大臣政務官名簿(2026-02-18 と 2026-09-17)に記載なし。党役職は未収集),,,,2025-04-01,2026-03-17,521709.0,678525.0,156816.0,0.3006,増加,gen-mlit-release-2025;gen-tokko-2025-tokko_dec;gen-election-shugiin_20260208_smd_09_1;gen-election-shugiin_20260208_smd_09_2;gen-cabinet-2026-02-18;gen-position-motegi_toshimitsu-外務大臣-2026-02-18;gen-tokko-2025-tokko_march,2026-04-01,2026-04-07,2938919.0,3679026.0,740107.0,0.2518,増加,gen-tokko-2025-tokko_dec;gen-election-shugiin_20260208_smd_09_1;gen-election-shugiin_20260208_smd_09_2;gen-cabinet-2026-02-18;gen-position-motegi_toshimitsu-外務大臣-2026-02-18;gen-tokko-2025-tokko_march;gen-mlit-release-2026,2026-04-01,2026-04-07,905000.0,505000.0,-400000.0,-0.442,減少,gen-tokko-2025-tokko_dec;gen-election-shugiin_20260208_smd_09_1;gen-election-shugiin_20260208_smd_09_2;gen-cabinet-2026-02-18;gen-position-motegi_toshimitsu-外務大臣-2026-02-18;gen-tokko-2025-tokko_march;gen-mlit-release-2026,0.05
shugiin_20260208,2026-02-08,09,2,shugiin_20260208_smd_09_2,092053,鹿沼市,鹿沼市,未収集,,,,,,,,,,,未収集,未収集,いがらし 清,自由民主党,自由民主党公認,選挙区当選,0.5319,福田 あきお,中道改革連合,中道改革連合公認,落選,0.3429,18.9,0.5319,1,自由民主党公認・選挙区当選 の候補が 1 位,勝者トップ,いがらし 清,自由民主党,選挙後の役職の登録なし(官邸の閣僚・副大臣・大臣政務官名簿(2026-02-18 と 2026-09-17)に記載なし。党役職は未収集),,,,2025-04-01,2026-03-17,578359.0,612602.0,34243.0,0.0592,増加,gen-mlit-release-2025;gen-tokko-2025-tokko_dec;gen-election-shugiin_20260208_smd_09_2;gen-cabinet-2026-02-18;gen-position-motegi_toshimitsu-外務大臣-2026-02-18;gen-tokko-2025-tokko_march,2026-04-01,2026-04-07,10000.0,84000.0,74000.0,7.4,増加,gen-tokko-2025-tokko_dec;gen-election-shugiin_20260208_smd_09_2;gen-cabinet-2026-02-18;gen-position-motegi_toshimitsu-外務大臣-2026-02-18;gen-tokko-2025-tokko_march;gen-mlit-release-2026,2026-04-01,2026-04-07,47000.0,236000.0,189000.0,4.0213,増加,gen-tokko-2025-tokko_dec;gen-election-shugiin_20260208_smd_09_2;gen-cabinet-2026-02-18;gen-position-motegi_toshimitsu-外務大臣-2026-02-18;gen-tokko-2025-tokko_march;gen-mlit-release-2026,0.05
shugiin_20260208,2026-02-08,09,2,shugiin_20260208_smd_09_2,092061,日光市,日光市,未収集,,,,,,,,,,,未収集,未収集,いがらし 清,自由民主党,自由民主党公認,選挙区当選,0.4682,福田 あきお,中道改革連合,中道改革連合公認,落選,0.4164,5.18,0.4682,1,自由民主党公認・選挙区当選 の候補が 1 位,勝者トップ,いがらし 清,自由民主党,選挙後の役職の登録なし(官邸の閣僚・副大臣・大臣政務官名簿(2026-02-18 と 2026-09-17)に記載なし。党役職は未収集),,,,2025-04-01,2026-03-17,1054481.0,1135576.0,81095.0,0.0769,増加,gen-mlit-release-2025;gen-tokko-2025-tokko_dec;gen-election-shugiin_20260208_smd_09_2;gen-cabinet-2026-02-18;gen-position-motegi_toshimitsu-外務大臣-2026-02-18;gen-tokko-2025-tokko_march,2026-04-01,2026-04-07,0.0,0.0,0.0,,未取得,gen-tokko-2025-tokko_dec;gen-election-shugiin_20260208_smd_09_2;gen-cabinet-2026-02-18;gen-position-motegi_toshimitsu-外務大臣-2026-02-18;gen-tokko-2025-tokko_march;gen-mlit-release-2026,2026-04-01,2026-04-07,303000.0,62000.0,-241000.0,-0.7954,減少,gen-tokko-2025-tokko_dec;gen-election-shugiin_20260208_smd_09_2;gen-cabinet-2026-02-18;gen-position-motegi_toshimitsu-外務大臣-2026-02-18;gen-tokko-2025-tokko_march;gen-mlit-release-2026,0.05
shugiin_20260208,2026-02-08,09,2,shugiin_20260208_smd_09_2,092142,さくら市,さくら市,未収集,,,,,,,,,,,未収集,未収集,いがらし 清,自由民主党,自由民主党公認,選挙区当選,0.5587,福田 あきお,中道改革連合,中道改革連合公認,落選,0.2975,26.13,0.5587,1,自由民主党公認・選挙区当選 の候補が 1 位,勝者トップ,いがらし 清,自由民主党,選挙後の役職の登録なし(官邸の閣僚・副大臣・大臣政務官名簿(2026-02-18 と 2026-09-17)に記載なし。党役職は未収集),,,,2025-04-01,2026-03-17,350291.0,377203.0,26912.0,0.0768,増加,gen-mlit-release-2025;gen-tokko-2025-tokko_dec;gen-election-shugiin_20260208_smd_09_2;gen-cabinet-2026-02-18;gen-position-motegi_toshimitsu-外務大臣-2026-02-18;gen-tokko-2025-tokko_march,2026-04-01,2026-04-07,5000.0,4700.0,-300.0,-0.06,減少,gen-tokko-2025-tokko_dec;gen-election-shugiin_20260208_smd_09_2;gen-cabinet-2026-02-18;gen-position-motegi_toshimitsu-外務大臣-2026-02-18;gen-tokko-2025-tokko_march;gen-mlit-release-2026,2026-04-01,2026-04-07,56000.0,27000.0,-29000.0,-0.5179,減少,gen-tokko-2025-tokko_dec;gen-election-shugiin_20260208_smd_09_2;gen-cabinet-2026-02-18;gen-position-motegi_toshimitsu-外務大臣-2026-02-18;gen-tokko-2025-tokko_march;gen-mlit-release-2026,0.05
shugiin_20260208,2026-02-08,09,2,shugiin_20260208_smd_09_2,093840,塩谷町,塩谷町,未収集,,,,,,,,,,,未収集,未収集,いがらし 清,自由民主党,自由民主党公認,選挙区当選,0.5057,福田 あきお,中道改革連合,中道改革連合公認,落選,0.3912,11.45,0.5057,1,自由民主党公認・選挙区当選 の候補が 1 位,勝者トップ,いがらし 清,自由民主党,選挙後の役職の登録なし(官邸の閣僚・副大臣・大臣政務官名簿(2026-02-18 と 2026-09-17)に記載なし。党役職は未収集),,,,2025-04-01,2026-03-17,,,,,未取得,gen-mlit-release-2025;gen-tokko-2025-tokko_dec;gen-election-shugiin_20260208_smd_09_2;gen-cabinet-2026-02-18;gen-position-motegi_toshimitsu-外務大臣-2026-02-18;gen-tokko-2025-tokko_march,2026-04-01,2026-04-07,0.0,0.0,0.0,,未取得,gen-tokko-2025-tokko_dec;gen-election-shugiin_20260208_smd_09_2;gen-cabinet-2026-02-18;gen-position-motegi_toshimitsu-外務大臣-2026-02-18;gen-tokko-2025-tokko_march;gen-mlit-release-2026,2026-04-01,2026-04-07,6000.0,4000.0,-2000.0,-0.3333,減少,gen-tokko-2025-tokko_dec;gen-election-shugiin_20260208_smd_09_2;gen-cabinet-2026-02-18;gen-position-motegi_toshimitsu-外務大臣-2026-02-18;gen-tokko-2025-tokko_march;gen-mlit-release-2026,0.05
shugiin_20260208,2026-02-08,09,2,shugiin_20260208_smd_09_2,093866,高根沢町,高根沢町,未収集,,,,,,,,,,,未収集,未収集,いがらし 清,自由民主党,自由民主党公認,選挙区当選,0.5707,福田 あきお,中道改革連合,中道改革連合公認,落選,0.2874,28.33,0.5707,1,自由民主党公認・選挙区当選 の候補が 1 位,勝者トップ,いがらし 清,自由民主党,選挙後の役職の登録なし(官邸の閣僚・副大臣・大臣政務官名簿(2026-02-18 と 2026-09-17)に記載なし。党役職は未収集),,,,2025-04-01,2026-03-17,,,,,未取得,gen-mlit-release-2025;gen-tokko-2025-tokko_dec;gen-election-shugiin_20260208_smd_09_2;gen-cabinet-2026-02-18;gen-position-motegi_toshimitsu-外務大臣-2026-02-18;gen-tokko-2025-tokko_march,2026-04-01,2026-04-07,54000.0,26600.0,-27400.0,-0.5074,減少,gen-tokko-2025-tokko_dec;gen-election-shugiin_20260208_smd_09_2;gen-cabinet-2026-02-18;gen-position-motegi_toshimitsu-外務大臣-2026-02-18;gen-tokko-2025-tokko_march;gen-mlit-release-2026,2026-04-01,2026-04-07,103000.0,136000.0,33000.0,0.3204,増加,gen-tokko-2025-tokko_dec;gen-election-shugiin_20260208_smd_09_2;gen-cabinet-2026-02-18;gen-position-motegi_toshimitsu-外務大臣-2026-02-18;gen-tokko-2025-tokko_march;gen-mlit-release-2026,0.05
shugiin_20260208,2026-02-08,09,3,shugiin_20260208_smd_09_3,092100,大田原市,大田原市,収集済,相馬憲一,未収集,渡辺 しんたろう,無所属,選挙区当選,その他(支援を受ける、と報道),https://www.shimotsuke.co.jp/articles/-/1434360,下野新聞(下野新聞デジタル、無料公開記事),2026-10-04,三森元県議や川俣那須烏山市長、相馬大田原市長、益子那珂川町長の支援を受ける渡辺氏に対し、簗氏は渡辺那須塩原市長、平山幸宏那須町長の支援を受けた。,無所属・選挙区当選 を支持,勝者支持,やな 和生,自由民主党,自由民主党公認,落選・比例復活,0.4346,渡辺 しんたろう,無所属,無所属,選挙区当選,0.4273,0.73,0.4273,2,自由民主党公認・落選・比例復活 の候補が 1 位,敗者トップ(復活あり),渡辺 しんたろう,無所属,選挙後の役職の登録なし(官邸の閣僚・副大臣・大臣政務官名簿(2026-02-18 と 2026-09-17)に記載なし。党役職は未収集),やな 和生,自由民主党,農林水産大臣(第2次高市改造内閣、2026-09-17就任、所管 農林水産省、指標3〜5の所管との一致: 一致なし),2025-04-01,2026-03-17,625299.0,649948.0,24649.0,0.0394,横ばい,gen-mlit-release-2025;gen-tokko-2025-tokko_dec;m-2026ge-endorse-092100;gen-election-shugiin_20260208_smd_09_3;gen-cabinet-2026-02-18;gen-position-motegi_toshimitsu-外務大臣-2026-02-18;gen-tokko-2025-tokko_march,2026-04-01,2026-04-07,15000.0,0.0,-15000.0,-1.0,減少,gen-tokko-2025-tokko_dec;m-2026ge-endorse-092100;gen-election-shugiin_20260208_smd_09_3;gen-cabinet-2026-02-18;gen-position-motegi_toshimitsu-外務大臣-2026-02-18;gen-tokko-2025-tokko_march;gen-mlit-release-2026,2026-04-01,2026-04-07,566000.0,296000.0,-270000.0,-0.477,減少,gen-tokko-2025-tokko_dec;m-2026ge-endorse-092100;gen-election-shugiin_20260208_smd_09_3;gen-cabinet-2026-02-18;gen-position-motegi_toshimitsu-外務大臣-2026-02-18;gen-tokko-2025-tokko_march;gen-mlit-release-2026,0.05
shugiin_20260208,2026-02-08,09,3,shugiin_20260208_smd_09_3,092118,矢板市,矢板市,収集済,森島武芳,未収集,やな 和生,自由民主党公認,落選・比例復活,出陣式出席,https://www.shimotsuke.co.jp/articles/-/1434360,下野新聞(下野新聞デジタル、無料公開記事),2026-10-04,森島武芳矢板市長も簗氏の出陣式の壇上に上がった。,自由民主党公認・落選・比例復活 を支持,敗者支持(復活あり),渡辺 しんたろう,無所属,無所属,選挙区当選,0.4405,やな 和生,自由民主党,自由民主党公認,落選・比例復活,0.4041,3.64,0.4405,1,無所属・選挙区当選 の候補が 1 位,勝者トップ,渡辺 しんたろう,無所属,選挙後の役職の登録なし(官邸の閣僚・副大臣・大臣政務官名簿(2026-02-18 と 2026-09-17)に記載なし。党役職は未収集),やな 和生,自由民主党,農林水産大臣(第2次高市改造内閣、2026-09-17就任、所管 農林水産省、指標3〜5の所管との一致: 一致なし),2025-04-01,2026-03-17,346770.0,373943.0,27173.0,0.0784,増加,gen-mlit-release-2025;gen-tokko-2025-tokko_dec;m-2026ge-endorse-092118;gen-election-shugiin_20260208_smd_09_3;gen-cabinet-2026-02-18;gen-position-motegi_toshimitsu-外務大臣-2026-02-18;gen-tokko-2025-tokko_march,2026-04-01,2026-04-07,0.0,0.0,0.0,,未取得,gen-tokko-2025-tokko_dec;m-2026ge-endorse-092118;gen-election-shugiin_20260208_smd_09_3;gen-cabinet-2026-02-18;gen-position-motegi_toshimitsu-外務大臣-2026-02-18;gen-tokko-2025-tokko_march;gen-mlit-release-2026,2026-04-01,2026-04-07,234000.0,24000.0,-210000.0,-0.8974,減少,gen-tokko-2025-tokko_dec;m-2026ge-endorse-092118;gen-election-shugiin_20260208_smd_09_3;gen-cabinet-2026-02-18;gen-position-motegi_toshimitsu-外務大臣-2026-02-18;gen-tokko-2025-tokko_march;gen-mlit-release-2026,0.05
shugiin_20260208,2026-02-08,09,3,shugiin_20260208_smd_09_3,092134,那須塩原市,那須塩原市,収集済,渡辺美知太郎,未収集,やな 和生,自由民主党公認,落選・比例復活,その他(支援を受けた、と報道),https://www.shimotsuke.co.jp/articles/-/1434360,下野新聞(下野新聞デジタル、無料公開記事),2026-10-04,三森元県議や川俣那須烏山市長、相馬大田原市長、益子那珂川町長の支援を受ける渡辺氏に対し、簗氏は渡辺那須塩原市長、平山幸宏那須町長の支援を受けた。,自由民主党公認・落選・比例復活 を支持,敗者支持(復活あり),やな 和生,自由民主党,自由民主党公認,落選・比例復活,0.4349,渡辺 しんたろう,無所属,無所属,選挙区当選,0.3915,4.34,0.3915,2,自由民主党公認・落選・比例復活 の候補が 1 位,敗者トップ(復活あり),渡辺 しんたろう,無所属,選挙後の役職の登録なし(官邸の閣僚・副大臣・大臣政務官名簿(2026-02-18 と 2026-09-17)に記載なし。党役職は未収集),やな 和生,自由民主党,農林水産大臣(第2次高市改造内閣、2026-09-17就任、所管 農林水産省、指標3〜5の所管との一致: 一致なし),2025-04-01,2026-03-17,637017.0,683011.0,45994.0,0.0722,増加,gen-mlit-release-2025;gen-tokko-2025-tokko_dec;m-2026ge-endorse-092134;gen-election-shugiin_20260208_smd_09_3;gen-cabinet-2026-02-18;gen-position-motegi_toshimitsu-外務大臣-2026-02-18;gen-tokko-2025-tokko_march,2026-04-01,2026-04-07,0.0,0.0,0.0,,未取得,gen-tokko-2025-tokko_dec;m-2026ge-endorse-092134;gen-election-shugiin_20260208_smd_09_3;gen-cabinet-2026-02-18;gen-position-motegi_toshimitsu-外務大臣-2026-02-18;gen-tokko-2025-tokko_march;gen-mlit-release-2026,2026-04-01,2026-04-07,149000.0,169000.0,20000.0,0.1342,増加,gen-tokko-2025-tokko_dec;m-2026ge-endorse-092134;gen-election-shugiin_20260208_smd_09_3;gen-cabinet-2026-02-18;gen-position-motegi_toshimitsu-外務大臣-2026-02-18;gen-tokko-2025-tokko_march;gen-mlit-release-2026,0.05
shugiin_20260208,2026-02-08,09,3,shugiin_20260208_smd_09_3,092151,那須烏山市,那須烏山市,収集済,川俣純子,未収集,渡辺 しんたろう,無所属,選挙区当選,その他(支援を受ける、と報道),https://www.shimotsuke.co.jp/articles/-/1434360,下野新聞(下野新聞デジタル、無料公開記事),2026-10-04,三森元県議や川俣那須烏山市長、相馬大田原市長、益子那珂川町長の支援を受ける渡辺氏に対し、簗氏は渡辺那須塩原市長、平山幸宏那須町長の支援を受けた。,無所属・選挙区当選 を支持,勝者支持,渡辺 しんたろう,無所属,無所属,選挙区当選,0.6804,やな 和生,自由民主党,自由民主党公認,落選・比例復活,0.2173,46.31,0.6804,1,無所属・選挙区当選 の候補が 1 位,勝者トップ,渡辺 しんたろう,無所属,選挙後の役職の登録なし(官邸の閣僚・副大臣・大臣政務官名簿(2026-02-18 と 2026-09-17)に記載なし。党役職は未収集),やな 和生,自由民主党,農林水産大臣(第2次高市改造内閣、2026-09-17就任、所管 農林水産省、指標3〜5の所管との一致: 一致なし),2025-04-01,2026-03-17,521697.0,532034.0,10337.0,0.0198,横ばい,gen-mlit-release-2025;gen-tokko-2025-tokko_dec;m-2026ge-endorse-092151;m-20260200-yana-mlit-inquiry-092151;gen-election-shugiin_20260208_smd_09_3;gen-cabinet-2026-02-18;gen-position-motegi_toshimitsu-外務大臣-2026-02-18;gen-tokko-2025-tokko_march,2026-04-01,2026-04-07,5050.0,22220.0,17170.0,3.4,増加,gen-tokko-2025-tokko_dec;m-2026ge-endorse-092151;m-20260200-yana-mlit-inquiry-092151;gen-election-shugiin_20260208_smd_09_3;gen-cabinet-2026-02-18;gen-position-motegi_toshimitsu-外務大臣-2026-02-18;gen-tokko-2025-tokko_march;gen-mlit-release-2026,2026-04-01,2026-04-07,59000.0,20000.0,-39000.0,-0.661,減少,gen-tokko-2025-tokko_dec;m-2026ge-endorse-092151;m-20260200-yana-mlit-inquiry-092151;gen-election-shugiin_20260208_smd_09_3;gen-cabinet-2026-02-18;gen-position-motegi_toshimitsu-外務大臣-2026-02-18;gen-tokko-2025-tokko_march;gen-mlit-release-2026,0.05
shugiin_20260208,2026-02-08,09,3,shugiin_20260208_smd_09_3,094072,那須町,那須町,収集済,平山幸宏,未収集,やな 和生,自由民主党公認,落選・比例復活,その他(支援を受けた、と報道),https://www.shimotsuke.co.jp/articles/-/1434360,下野新聞(下野新聞デジタル、無料公開記事),2026-10-04,三森元県議や川俣那須烏山市長、相馬大田原市長、益子那珂川町長の支援を受ける渡辺氏に対し、簗氏は渡辺那須塩原市長、平山幸宏那須町長の支援を受けた。,自由民主党公認・落選・比例復活 を支持,敗者支持(復活あり),やな 和生,自由民主党,自由民主党公認,落選・比例復活,0.4515,渡辺 しんたろう,無所属,無所属,選挙区当選,0.3481,10.34,0.3481,2,自由民主党公認・落選・比例復活 の候補が 1 位,敗者トップ(復活あり),渡辺 しんたろう,無所属,選挙後の役職の登録なし(官邸の閣僚・副大臣・大臣政務官名簿(2026-02-18 と 2026-09-17)に記載なし。党役職は未収集),やな 和生,自由民主党,農林水産大臣(第2次高市改造内閣、2026-09-17就任、所管 農林水産省、指標3〜5の所管との一致: 一致なし),2025-04-01,2026-03-17,,,,,未取得,gen-mlit-release-2025;gen-tokko-2025-tokko_dec;m-2026ge-endorse-094072;gen-election-shugiin_20260208_smd_09_3;gen-cabinet-2026-02-18;gen-position-motegi_toshimitsu-外務大臣-2026-02-18;gen-tokko-2025-tokko_march,2026-04-01,2026-04-07,24152.0,68168.0,44016.0,1.8225,増加,gen-tokko-2025-tokko_dec;m-2026ge-endorse-094072;gen-election-shugiin_20260208_smd_09_3;gen-cabinet-2026-02-18;gen-position-motegi_toshimitsu-外務大臣-2026-02-18;gen-tokko-2025-tokko_march;gen-mlit-release-2026,2026-04-01,2026-04-07,139000.0,83000.0,-56000.0,-0.4029,減少,gen-tokko-2025-tokko_dec;m-2026ge-endorse-094072;gen-election-shugiin_20260208_smd_09_3;gen-cabinet-2026-02-18;gen-position-motegi_toshimitsu-外務大臣-2026-02-18;gen-tokko-2025-tokko_march;gen-mlit-release-2026,0.05
shugiin_20260208,2026-02-08,09,3,shugiin_20260208_smd_09_3,094111,那珂川町,那珂川町,収集済,益子純恵,未収集,渡辺 しんたろう,無所属,選挙区当選,その他(支援を受ける、と報道),https://www.shimotsuke.co.jp/articles/-/1434360,下野新聞(下野新聞デジタル、無料公開記事),2026-10-04,三森元県議や川俣那須烏山市長、相馬大田原市長、益子那珂川町長の支援を受ける渡辺氏に対し、簗氏は渡辺那須塩原市長、平山幸宏那須町長の支援を受けた。,無所属・選挙区当選 を支持,勝者支持,渡辺 しんたろう,無所属,無所属,選挙区当選,0.5678,やな 和生,自由民主党,自由民主党公認,落選・比例復活,0.3217,24.61,0.5678,1,無所属・選挙区当選 の候補が 1 位,勝者トップ,渡辺 しんたろう,無所属,選挙後の役職の登録なし(官邸の閣僚・副大臣・大臣政務官名簿(2026-02-18 と 2026-09-17)に記載なし。党役職は未収集),やな 和生,自由民主党,農林水産大臣(第2次高市改造内閣、2026-09-17就任、所管 農林水産省、指標3〜5の所管との一致: 一致なし),2025-04-01,2026-03-17,,,,,未取得,gen-mlit-release-2025;gen-tokko-2025-tokko_dec;m-2026ge-endorse-094111;m-20260200-yana-mlit-inquiry-094111;gen-election-shugiin_20260208_smd_09_3;gen-cabinet-2026-02-18;gen-position-motegi_toshimitsu-外務大臣-2026-02-18;gen-tokko-2025-tokko_march,2026-04-01,2026-04-07,0.0,0.0,0.0,,未取得,gen-tokko-2025-tokko_dec;m-2026ge-endorse-094111;m-20260200-yana-mlit-inquiry-094111;gen-election-shugiin_20260208_smd_09_3;gen-cabinet-2026-02-18;gen-position-motegi_toshimitsu-外務大臣-2026-02-18;gen-tokko-2025-tokko_march;gen-mlit-release-2026,2026-04-01,2026-04-07,48000.0,78000.0,30000.0,0.625,増加,gen-tokko-2025-tokko_dec;m-2026ge-endorse-094111;m-20260200-yana-mlit-inquiry-094111;gen-election-shugiin_20260208_smd_09_3;gen-cabinet-2026-02-18;gen-position-motegi_toshimitsu-外務大臣-2026-02-18;gen-tokko-2025-tokko_march;gen-mlit-release-2026,0.05
shugiin_20260208,2026-02-08,09,4,shugiin_20260208_smd_09_4,092088,小山市,小山市,未収集,,,,,,,,,,,未収集,未収集,藤岡 たかお,中道改革連合,中道改革連合公認,落選,0.4795,石坂 まさる,自由民主党,自由民主党公認,選挙区当選,0.3862,9.33,0.3862,2,中道改革連合公認・落選 の候補が 1 位,敗者トップ(復活なし),石坂 まさる,自由民主党,選挙後の役職の登録なし(官邸の閣僚・副大臣・大臣政務官名簿(2026-02-18 と 2026-09-17)に記載なし。党役職は未収集),,,,2025-04-01,2026-03-17,399337.0,410077.0,10740.0,0.0269,横ばい,gen-mlit-release-2025;gen-tokko-2025-tokko_dec;gen-election-shugiin_20260208_smd_09_4;gen-cabinet-2026-02-18;gen-position-motegi_toshimitsu-外務大臣-2026-02-18;gen-tokko-2025-tokko_march,2026-04-01,2026-04-07,274460.0,801342.0,526882.0,1.9197,増加,gen-tokko-2025-tokko_dec;gen-election-shugiin_20260208_smd_09_4;gen-cabinet-2026-02-18;gen-position-motegi_toshimitsu-外務大臣-2026-02-18;gen-tokko-2025-tokko_march;gen-mlit-release-2026,2026-04-01,2026-04-07,0.0,0.0,0.0,,未取得,gen-tokko-2025-tokko_dec;gen-election-shugiin_20260208_smd_09_4;gen-cabinet-2026-02-18;gen-position-motegi_toshimitsu-外務大臣-2026-02-18;gen-tokko-2025-tokko_march;gen-mlit-release-2026,0.05
shugiin_20260208,2026-02-08,09,4,shugiin_20260208_smd_09_4,092096,真岡市,真岡市,未収集,,,,,,,,,,,未収集,未収集,石坂 まさる,自由民主党,自由民主党公認,選挙区当選,0.5714,藤岡 たかお,中道改革連合,中道改革連合公認,落選,0.3185,25.3,0.5714,1,自由民主党公認・選挙区当選 の候補が 1 位,勝者トップ,石坂 まさる,自由民主党,選挙後の役職の登録なし(官邸の閣僚・副大臣・大臣政務官名簿(2026-02-18 と 2026-09-17)に記載なし。党役職は未収集),,,,2025-04-01,2026-03-17,505295.0,508764.0,3469.0,0.0069,横ばい,gen-mlit-release-2025;gen-tokko-2025-tokko_dec;gen-election-shugiin_20260208_smd_09_4;gen-cabinet-2026-02-18;gen-position-motegi_toshimitsu-外務大臣-2026-02-18;gen-tokko-2025-tokko_march,2026-04-01,2026-04-07,9000.0,38590.0,29590.0,3.2878,増加,gen-tokko-2025-tokko_dec;gen-election-shugiin_20260208_smd_09_4;gen-cabinet-2026-02-18;gen-position-motegi_toshimitsu-外務大臣-2026-02-18;gen-tokko-2025-tokko_march;gen-mlit-release-2026,2026-04-01,2026-04-07,146000.0,97000.0,-49000.0,-0.3356,減少,gen-tokko-2025-tokko_dec;gen-election-shugiin_20260208_smd_09_4;gen-cabinet-2026-02-18;gen-position-motegi_toshimitsu-外務大臣-2026-02-18;gen-tokko-2025-tokko_march;gen-mlit-release-2026,0.05
shugiin_20260208,2026-02-08,09,4,shugiin_20260208_smd_09_4,092169,下野市,下野市,未収集,,,,,,,,,,,未収集,未収集,石坂 まさる,自由民主党,自由民主党公認,選挙区当選,0.4855,藤岡 たかお,中道改革連合,中道改革連合公認,落選,0.374,11.15,0.4855,1,自由民主党公認・選挙区当選 の候補が 1 位,勝者トップ,石坂 まさる,自由民主党,選挙後の役職の登録なし(官邸の閣僚・副大臣・大臣政務官名簿(2026-02-18 と 2026-09-17)に記載なし。党役職は未収集),,,,2025-04-01,2026-03-17,575352.0,606258.0,30906.0,0.0537,増加,gen-mlit-release-2025;gen-tokko-2025-tokko_dec;gen-election-shugiin_20260208_smd_09_4;gen-cabinet-2026-02-18;gen-position-motegi_toshimitsu-外務大臣-2026-02-18;gen-tokko-2025-tokko_march,2026-04-01,2026-04-07,118880.0,39494.0,-79386.0,-0.6678,減少,gen-tokko-2025-tokko_dec;gen-election-shugiin_20260208_smd_09_4;gen-cabinet-2026-02-18;gen-position-motegi_toshimitsu-外務大臣-2026-02-18;gen-tokko-2025-tokko_march;gen-mlit-release-2026,2026-04-01,2026-04-07,58000.0,93000.0,35000.0,0.6034,増加,gen-tokko-2025-tokko_dec;gen-election-shugiin_20260208_smd_09_4;gen-cabinet-2026-02-18;gen-position-motegi_toshimitsu-外務大臣-2026-02-18;gen-tokko-2025-tokko_march;gen-mlit-release-2026,0.05
shugiin_20260208,2026-02-08,09,4,shugiin_20260208_smd_09_4,093424,益子町,益子町,未収集,,,,,,,,,,,未収集,未収集,石坂 まさる,自由民主党,自由民主党公認,選挙区当選,0.5153,藤岡 たかお,中道改革連合,中道改革連合公認,落選,0.3702,14.51,0.5153,1,自由民主党公認・選挙区当選 の候補が 1 位,勝者トップ,石坂 まさる,自由民主党,選挙後の役職の登録なし(官邸の閣僚・副大臣・大臣政務官名簿(2026-02-18 と 2026-09-17)に記載なし。党役職は未収集),,,,2025-04-01,2026-03-17,,,,,未取得,gen-mlit-release-2025;gen-tokko-2025-tokko_dec;gen-election-shugiin_20260208_smd_09_4;gen-cabinet-2026-02-18;gen-position-motegi_toshimitsu-外務大臣-2026-02-18;gen-tokko-2025-tokko_march,2026-04-01,2026-04-07,0.0,0.0,0.0,,未取得,gen-tokko-2025-tokko_dec;gen-election-shugiin_20260208_smd_09_4;gen-cabinet-2026-02-18;gen-position-motegi_toshimitsu-外務大臣-2026-02-18;gen-tokko-2025-tokko_march;gen-mlit-release-2026,2026-04-01,2026-04-07,45000.0,5000.0,-40000.0,-0.8889,減少,gen-tokko-2025-tokko_dec;gen-election-shugiin_20260208_smd_09_4;gen-cabinet-2026-02-18;gen-position-motegi_toshimitsu-外務大臣-2026-02-18;gen-tokko-2025-tokko_march;gen-mlit-release-2026,0.05
shugiin_20260208,2026-02-08,09,4,shugiin_20260208_smd_09_4,093432,茂木町,茂木町,未収集,,,,,,,,,,,未収集,未収集,石坂 まさる,自由民主党,自由民主党公認,選挙区当選,0.5787,藤岡 たかお,中道改革連合,中道改革連合公認,落選,0.3339,24.47,0.5787,1,自由民主党公認・選挙区当選 の候補が 1 位,勝者トップ,石坂 まさる,自由民主党,選挙後の役職の登録なし(官邸の閣僚・副大臣・大臣政務官名簿(2026-02-18 と 2026-09-17)に記載なし。党役職は未収集),,,,2025-04-01,2026-03-17,,,,,未取得,gen-mlit-release-2025;gen-tokko-2025-tokko_dec;gen-election-shugiin_20260208_smd_09_4;gen-cabinet-2026-02-18;gen-position-motegi_toshimitsu-外務大臣-2026-02-18;gen-tokko-2025-tokko_march,2026-04-01,2026-04-07,0.0,0.0,0.0,,未取得,gen-tokko-2025-tokko_dec;gen-election-shugiin_20260208_smd_09_4;gen-cabinet-2026-02-18;gen-position-motegi_toshimitsu-外務大臣-2026-02-18;gen-tokko-2025-tokko_march;gen-mlit-release-2026,2026-04-01,2026-04-07,12000.0,15000.0,3000.0,0.25,増加,gen-tokko-2025-tokko_dec;gen-election-shugiin_20260208_smd_09_4;gen-cabinet-2026-02-18;gen-position-motegi_toshimitsu-外務大臣-2026-02-18;gen-tokko-2025-tokko_march;gen-mlit-release-2026,0.05
shugiin_20260208,2026-02-08,09,4,shugiin_20260208_smd_09_4,093441,市貝町,市貝町,未収集,,,,,,,,,,,未収集,未収集,石坂 まさる,自由民主党,自由民主党公認,選挙区当選,0.5042,藤岡 たかお,中道改革連合,中道改革連合公認,落選,0.3705,13.38,0.5042,1,自由民主党公認・選挙区当選 の候補が 1 位,勝者トップ,石坂 まさる,自由民主党,選挙後の役職の登録なし(官邸の閣僚・副大臣・大臣政務官名簿(2026-02-18 と 2026-09-17)に記載なし。党役職は未収集),,,,2025-04-01,2026-03-17,,,,,未取得,gen-mlit-release-2025;gen-tokko-2025-tokko_dec;gen-election-shugiin_20260208_smd_09_4;gen-cabinet-2026-02-18;gen-position-motegi_toshimitsu-外務大臣-2026-02-18;gen-tokko-2025-tokko_march,2026-04-01,2026-04-07,0.0,0.0,0.0,,未取得,gen-tokko-2025-tokko_dec;gen-election-shugiin_20260208_smd_09_4;gen-cabinet-2026-02-18;gen-position-motegi_toshimitsu-外務大臣-2026-02-18;gen-tokko-2025-tokko_march;gen-mlit-release-2026,2026-04-01,2026-04-07,4000.0,3000.0,-1000.0,-0.25,減少,gen-tokko-2025-tokko_dec;gen-election-shugiin_20260208_smd_09_4;gen-cabinet-2026-02-18;gen-position-motegi_toshimitsu-外務大臣-2026-02-18;gen-tokko-2025-tokko_march;gen-mlit-release-2026,0.05
shugiin_20260208,2026-02-08,09,4,shugiin_20260208_smd_09_4,093459,芳賀町,芳賀町,未収集,,,,,,,,,,,未収集,未収集,石坂 まさる,自由民主党,自由民主党公認,選挙区当選,0.5251,藤岡 たかお,中道改革連合,中道改革連合公認,落選,0.3526,17.25,0.5251,1,自由民主党公認・選挙区当選 の候補が 1 位,勝者トップ,石坂 まさる,自由民主党,選挙後の役職の登録なし(官邸の閣僚・副大臣・大臣政務官名簿(2026-02-18 と 2026-09-17)に記載なし。党役職は未収集),,,,2025-04-01,2026-03-17,,,,,未取得,gen-mlit-release-2025;gen-tokko-2025-tokko_dec;gen-election-shugiin_20260208_smd_09_4;gen-cabinet-2026-02-18;gen-position-motegi_toshimitsu-外務大臣-2026-02-18;gen-tokko-2025-tokko_march,2026-04-01,2026-04-07,0.0,0.0,0.0,,未取得,gen-tokko-2025-tokko_dec;gen-election-shugiin_20260208_smd_09_4;gen-cabinet-2026-02-18;gen-position-motegi_toshimitsu-外務大臣-2026-02-18;gen-tokko-2025-tokko_march;gen-mlit-release-2026,2026-04-01,2026-04-07,42000.0,17000.0,-25000.0,-0.5952,減少,gen-tokko-2025-tokko_dec;gen-election-shugiin_20260208_smd_09_4;gen-cabinet-2026-02-18;gen-position-motegi_toshimitsu-外務大臣-2026-02-18;gen-tokko-2025-tokko_march;gen-mlit-release-2026,0.05
shugiin_20260208,2026-02-08,09,4,shugiin_20260208_smd_09_4,093611,壬生町,壬生町,未収集,,,,,,,,,,,未収集,未収集,石坂 まさる,自由民主党,自由民主党公認,選挙区当選,0.5384,藤岡 たかお,中道改革連合,中道改革連合公認,落選,0.3129,22.55,0.5384,1,自由民主党公認・選挙区当選 の候補が 1 位,勝者トップ,石坂 まさる,自由民主党,選挙後の役職の登録なし(官邸の閣僚・副大臣・大臣政務官名簿(2026-02-18 と 2026-09-17)に記載なし。党役職は未収集),,,,2025-04-01,2026-03-17,,,,,未取得,gen-mlit-release-2025;gen-tokko-2025-tokko_dec;gen-election-shugiin_20260208_smd_09_4;gen-cabinet-2026-02-18;gen-position-motegi_toshimitsu-外務大臣-2026-02-18;gen-tokko-2025-tokko_march,2026-04-01,2026-04-07,95124.0,43253.0,-51871.0,-0.5453,減少,gen-tokko-2025-tokko_dec;gen-election-shugiin_20260208_smd_09_4;gen-cabinet-2026-02-18;gen-position-motegi_toshimitsu-外務大臣-2026-02-18;gen-tokko-2025-tokko_march;gen-mlit-release-2026,2026-04-01,2026-04-07,154000.0,96000.0,-58000.0,-0.3766,減少,gen-tokko-2025-tokko_dec;gen-election-shugiin_20260208_smd_09_4;gen-cabinet-2026-02-18;gen-position-motegi_toshimitsu-外務大臣-2026-02-18;gen-tokko-2025-tokko_march;gen-mlit-release-2026,0.05
shugiin_20260208,2026-02-08,09,4,shugiin_20260208_smd_09_4,093645,野木町,野木町,未収集,,,,,,,,,,,未収集,未収集,藤岡 たかお,中道改革連合,中道改革連合公認,落選,0.4353,石坂 まさる,自由民主党,自由民主党公認,選挙区当選,0.4104,2.49,0.4104,2,中道改革連合公認・落選 の候補が 1 位,敗者トップ(復活なし),石坂 まさる,自由民主党,選挙後の役職の登録なし(官邸の閣僚・副大臣・大臣政務官名簿(2026-02-18 と 2026-09-17)に記載なし。党役職は未収集),,,,2025-04-01,2026-03-17,,,,,未取得,gen-mlit-release-2025;gen-tokko-2025-tokko_dec;gen-election-shugiin_20260208_smd_09_4;gen-cabinet-2026-02-18;gen-position-motegi_toshimitsu-外務大臣-2026-02-18;gen-tokko-2025-tokko_march,2026-04-01,2026-04-07,0.0,0.0,0.0,,未取得,gen-tokko-2025-tokko_dec;gen-election-shugiin_20260208_smd_09_4;gen-cabinet-2026-02-18;gen-position-motegi_toshimitsu-外務大臣-2026-02-18;gen-tokko-2025-tokko_march;gen-mlit-release-2026,2026-04-01,2026-04-07,62000.0,0.0,-62000.0,-1.0,減少,gen-tokko-2025-tokko_dec;gen-election-shugiin_20260208_smd_09_4;gen-cabinet-2026-02-18;gen-position-motegi_toshimitsu-外務大臣-2026-02-18;gen-tokko-2025-tokko_march;gen-mlit-release-2026,0.05
shugiin_20260208,2026-02-08,09,5,shugiin_20260208_smd_09_5,092029,足利市,足利市,未収集,,,,,,,,,,,未収集,未収集,茂木 としみつ,自由民主党,自由民主党公認,選挙区当選,0.6892,寺田 たかふみ,国民民主党,国民民主党公認,落選,0.1171,57.21,0.6892,1,自由民主党公認・選挙区当選 の候補が 1 位,勝者トップ,茂木 としみつ,自由民主党,外務大臣(第2次高市内閣、2026-02-18就任、所管 外務省、指標3〜5の所管との一致: 一致なし); 外務大臣(第2次高市改造内閣、2026-09-17就任、所管 外務省、指標3〜5の所管との一致: 一致なし),,,,2025-04-01,2026-03-17,649378.0,636974.0,-12404.0,-0.0191,横ばい,gen-mlit-release-2025;gen-tokko-2025-tokko_dec;gen-election-shugiin_20260208_smd_09_5;gen-cabinet-2026-02-18;gen-position-motegi_toshimitsu-外務大臣-2026-02-18;gen-tokko-2025-tokko_march,2026-04-01,2026-04-07,325038.0,353300.0,28262.0,0.0869,増加,gen-tokko-2025-tokko_dec;gen-election-shugiin_20260208_smd_09_5;gen-cabinet-2026-02-18;gen-position-motegi_toshimitsu-外務大臣-2026-02-18;gen-tokko-2025-tokko_march;gen-mlit-release-2026,2026-04-01,2026-04-07,378000.0,501000.0,123000.0,0.3254,増加,gen-tokko-2025-tokko_dec;gen-election-shugiin_20260208_smd_09_5;gen-cabinet-2026-02-18;gen-position-motegi_toshimitsu-外務大臣-2026-02-18;gen-tokko-2025-tokko_march;gen-mlit-release-2026,0.05
shugiin_20260208,2026-02-08,09,5,shugiin_20260208_smd_09_5,092037,栃木市,栃木市,未収集,,,,,,,,,,,未収集,未収集,茂木 としみつ,自由民主党,自由民主党公認,選挙区当選,0.6821,寺田 たかふみ,国民民主党,国民民主党公認,落選,0.1318,55.03,0.6821,1,自由民主党公認・選挙区当選 の候補が 1 位,勝者トップ,茂木 としみつ,自由民主党,外務大臣(第2次高市内閣、2026-02-18就任、所管 外務省、指標3〜5の所管との一致: 一致なし); 外務大臣(第2次高市改造内閣、2026-09-17就任、所管 外務省、指標3〜5の所管との一致: 一致なし),,,,2025-04-01,2026-03-17,1162198.0,1191694.0,29496.0,0.0254,横ばい,gen-mlit-release-2025;gen-tokko-2025-tokko_dec;gen-election-shugiin_20260208_smd_09_5;gen-cabinet-2026-02-18;gen-position-motegi_toshimitsu-外務大臣-2026-02-18;gen-tokko-2025-tokko_march,2026-04-01,2026-04-07,650.0,11600.0,10950.0,16.8462,増加,gen-tokko-2025-tokko_dec;gen-election-shugiin_20260208_smd_09_5;gen-cabinet-2026-02-18;gen-position-motegi_toshimitsu-外務大臣-2026-02-18;gen-tokko-2025-tokko_march;gen-mlit-release-2026,2026-04-01,2026-04-07,119000.0,253000.0,134000.0,1.1261,増加,gen-tokko-2025-tokko_dec;gen-election-shugiin_20260208_smd_09_5;gen-cabinet-2026-02-18;gen-position-motegi_toshimitsu-外務大臣-2026-02-18;gen-tokko-2025-tokko_march;gen-mlit-release-2026,0.05
shugiin_20260208,2026-02-08,09,5,shugiin_20260208_smd_09_5,092045,佐野市,佐野市,未収集,,,,,,,,,,,未収集,未収集,茂木 としみつ,自由民主党,自由民主党公認,選挙区当選,0.6729,岡村 けい子,日本共産党,日本共産党公認,落選,0.1185,55.44,0.6729,1,自由民主党公認・選挙区当選 の候補が 1 位,勝者トップ,茂木 としみつ,自由民主党,外務大臣(第2次高市内閣、2026-02-18就任、所管 外務省、指標3〜5の所管との一致: 一致なし); 外務大臣(第2次高市改造内閣、2026-09-17就任、所管 外務省、指標3〜5の所管との一致: 一致なし),,,,2025-04-01,2026-03-17,730397.0,757455.0,27058.0,0.037,横ばい,gen-mlit-release-2025;gen-tokko-2025-tokko_dec;gen-election-shugiin_20260208_smd_09_5;gen-cabinet-2026-02-18;gen-position-motegi_toshimitsu-外務大臣-2026-02-18;gen-tokko-2025-tokko_march,2026-04-01,2026-04-07,70677.0,63120.0,-7557.0,-0.1069,減少,gen-tokko-2025-tokko_dec;gen-election-shugiin_20260208_smd_09_5;gen-cabinet-2026-02-18;gen-position-motegi_toshimitsu-外務大臣-2026-02-18;gen-tokko-2025-tokko_march;gen-mlit-release-2026,2026-04-01,2026-04-07,144000.0,78000.0,-66000.0,-0.4583,減少,gen-tokko-2025-tokko_dec;gen-election-shugiin_20260208_smd_09_5;gen-cabinet-2026-02-18;gen-position-motegi_toshimitsu-外務大臣-2026-02-18;gen-tokko-2025-tokko_march;gen-mlit-release-2026,0.05
