municipality_code,election_id,municipality_name,mayor_name,mayor_affiliation,candidate_name,candidate_party_nomination,candidate_result,endorsement_form,source_url,outlet,evidence_date,quote,collection_status,note,retrieved_at
092011,shugiin_20260208,宇都宮市,,,,,,,,,,,未収集,,
092029,shugiin_20260208,足利市,,,,,,,,,,,未収集,,
092037,shugiin_20260208,栃木市,,,,,,,,,,,未収集,,
092045,shugiin_20260208,佐野市,,,,,,,,,,,未収集,,
092053,shugiin_20260208,鹿沼市,,,,,,,,,,,未収集,,
092061,shugiin_20260208,日光市,,,,,,,,,,,未収集,,
092088,shugiin_20260208,小山市,,,,,,,,,,,未収集,,
092096,shugiin_20260208,真岡市,,,,,,,,,,,未収集,,
092100,shugiin_20260208,大田原市,相馬憲一,,渡辺 しんたろう,無所属,選挙区当選,その他(支援を受ける、と報道),https://www.shimotsuke.co.jp/articles/-/1434360,下野新聞(下野新聞デジタル、無料公開記事),2026-10-04,三森元県議や川俣那須烏山市長、相馬大田原市長、益子那珂川町長の支援を受ける渡辺氏に対し、簗氏は渡辺那須塩原市長、平山幸宏那須町長の支援を受けた。,収集済,出典記事は2026年2月の衆院選について記述(同記事「迎えた26年２月投開票の衆院選。」の段落)。首長の氏名は同記事の別段落の記載による。首長の党派は未収集,2026-10-08
092118,shugiin_20260208,矢板市,森島武芳,,やな 和生,自由民主党公認,落選・比例復活,出陣式出席,https://www.shimotsuke.co.jp/articles/-/1434360,下野新聞(下野新聞デジタル、無料公開記事),2026-10-04,森島武芳矢板市長も簗氏の出陣式の壇上に上がった。,収集済,出典記事は2026年2月の衆院選について記述(同記事「迎えた26年２月投開票の衆院選。」の段落)。首長の氏名は同記事の別段落の記載による。首長の党派は未収集,2026-10-08
092134,shugiin_20260208,那須塩原市,渡辺美知太郎,,やな 和生,自由民主党公認,落選・比例復活,その他(支援を受けた、と報道),https://www.shimotsuke.co.jp/articles/-/1434360,下野新聞(下野新聞デジタル、無料公開記事),2026-10-04,三森元県議や川俣那須烏山市長、相馬大田原市長、益子那珂川町長の支援を受ける渡辺氏に対し、簗氏は渡辺那須塩原市長、平山幸宏那須町長の支援を受けた。,収集済,出典記事は2026年2月の衆院選について記述(同記事「迎えた26年２月投開票の衆院選。」の段落)。首長の氏名は同記事の別段落の記載による。首長の党派は未収集,2026-10-08
092142,shugiin_20260208,さくら市,,,,,,,,,,,未収集,,
092151,shugiin_20260208,那須烏山市,川俣純子,,渡辺 しんたろう,無所属,選挙区当選,その他(支援を受ける、と報道),https://www.shimotsuke.co.jp/articles/-/1434360,下野新聞(下野新聞デジタル、無料公開記事),2026-10-04,三森元県議や川俣那須烏山市長、相馬大田原市長、益子那珂川町長の支援を受ける渡辺氏に対し、簗氏は渡辺那須塩原市長、平山幸宏那須町長の支援を受けた。,収集済,出典記事は2026年2月の衆院選について記述(同記事「迎えた26年２月投開票の衆院選。」の段落)。首長の氏名は同記事の別段落の記載による。首長の党派は未収集,2026-10-08
092169,shugiin_20260208,下野市,,,,,,,,,,,未収集,,
093017,shugiin_20260208,上三川町,,,,,,,,,,,未収集,,
093424,shugiin_20260208,益子町,,,,,,,,,,,未収集,,
093432,shugiin_20260208,茂木町,,,,,,,,,,,未収集,,
093441,shugiin_20260208,市貝町,,,,,,,,,,,未収集,,
093459,shugiin_20260208,芳賀町,,,,,,,,,,,未収集,,
093611,shugiin_20260208,壬生町,,,,,,,,,,,未収集,,
093645,shugiin_20260208,野木町,,,,,,,,,,,未収集,,
093840,shugiin_20260208,塩谷町,,,,,,,,,,,未収集,,
093866,shugiin_20260208,高根沢町,,,,,,,,,,,未収集,,
094072,shugiin_20260208,那須町,平山幸宏,,やな 和生,自由民主党公認,落選・比例復活,その他(支援を受けた、と報道),https://www.shimotsuke.co.jp/articles/-/1434360,下野新聞(下野新聞デジタル、無料公開記事),2026-10-04,三森元県議や川俣那須烏山市長、相馬大田原市長、益子那珂川町長の支援を受ける渡辺氏に対し、簗氏は渡辺那須塩原市長、平山幸宏那須町長の支援を受けた。,収集済,出典記事は2026年2月の衆院選について記述(同記事「迎えた26年２月投開票の衆院選。」の段落)。首長の氏名は同記事の別段落の記載による。首長の党派は未収集,2026-10-08
094111,shugiin_20260208,那珂川町,益子純恵,,渡辺 しんたろう,無所属,選挙区当選,その他(支援を受ける、と報道),https://www.shimotsuke.co.jp/articles/-/1434360,下野新聞(下野新聞デジタル、無料公開記事),2026-10-04,三森元県議や川俣那須烏山市長、相馬大田原市長、益子那珂川町長の支援を受ける渡辺氏に対し、簗氏は渡辺那須塩原市長、平山幸宏那須町長の支援を受けた。,収集済,出典記事は2026年2月の衆院選について記述(同記事「迎えた26年２月投開票の衆院選。」の段落)。首長の氏名は同記事の別段落の記載による。首長の党派は未収集,2026-10-08
