event_id,date,end_date,date_precision,event_type,scope,pref_code,district,municipality_code,actor_name,actor_party,actor_role,counterpart_name,counterpart_role,summary,quote,source_url,outlet,source_date,note,retrieved_at
m-20260200-yana-mlit-inquiry-092151,2026-02-01,2026-02-28,month,省庁への問い合わせ(報道),municipality,09,栃木県第3区,092151,簗和生,自由民主党,,佐々木紀; 黒田昌義,国土交通副大臣(当時); 国土交通省官房長,国交省によると、2026年2月に簗和生氏から国交副大臣と官房長に対し今年度予算案に関する問い合わせがあった(時事通信の報道),２月に簗氏から当時の佐々木紀国交副大臣と黒田昌義官房長に対し、今年度予算案に関する問い合わせがあった,https://www.jiji.com/jc/article?k=2026100600835&g=eco,時事通信(時事ドットコム),2026-10-06,日付は月まで(日は出典に記載なし)。対象が那須烏山市・那珂川町であったことは、同記事が報じた那須烏山市の見解(「簗氏の問い合わせが配分額決定前に２市町のみについて行われた」)による。那須烏山市の行,2026-10-08
m-20260524-yana-statement-092151,2026-05-24,,day,議員発言(報道),municipality,09,栃木県第3区,092151,簗和生,自由民主党,,,,自民党大田原支部総会(非公開)閉会後の懇親会で、那須烏山市と那珂川町の令和8年度の道路予算をカットしたと述べたと報じられた,（栃木県）那須烏山市と那珂川町の令和8年度の道路予算については、大幅にカットをしました,https://que.dailyshincho.jp/node/21198/,新潮QUE(デイリー新潮),2026-09-30,場は出典の記載(「5月24日に非公開で催された自民党大田原支部の総会」閉会後の懇親会)による。DESIGN.md 第1節の「自民党栃木県連の会合」とは記載が異なる。括弧内は記事による補足。那須烏山市の行,2026-10-08
m-20260200-yana-mlit-inquiry-094111,2026-02-01,2026-02-28,month,省庁への問い合わせ(報道),municipality,09,栃木県第3区,094111,簗和生,自由民主党,,佐々木紀; 黒田昌義,国土交通副大臣(当時); 国土交通省官房長,国交省によると、2026年2月に簗和生氏から国交副大臣と官房長に対し今年度予算案に関する問い合わせがあった(時事通信の報道),２月に簗氏から当時の佐々木紀国交副大臣と黒田昌義官房長に対し、今年度予算案に関する問い合わせがあった,https://www.jiji.com/jc/article?k=2026100600835&g=eco,時事通信(時事ドットコム),2026-10-06,日付は月まで(日は出典に記載なし)。対象が那須烏山市・那珂川町であったことは、同記事が報じた那須烏山市の見解(「簗氏の問い合わせが配分額決定前に２市町のみについて行われた」)による。那珂川町の行,2026-10-08
m-20260524-yana-statement-094111,2026-05-24,,day,議員発言(報道),municipality,09,栃木県第3区,094111,簗和生,自由民主党,,,,自民党大田原支部総会(非公開)閉会後の懇親会で、那須烏山市と那珂川町の令和8年度の道路予算をカットしたと述べたと報じられた,（栃木県）那須烏山市と那珂川町の令和8年度の道路予算については、大幅にカットをしました,https://que.dailyshincho.jp/node/21198/,新潮QUE(デイリー新潮),2026-09-30,場は出典の記載(「5月24日に非公開で催された自民党大田原支部の総会」閉会後の懇親会)による。DESIGN.md 第1節の「自民党栃木県連の会合」とは記載が異なる。括弧内は記事による補足。那珂川町の行,2026-10-08
m-2026ge-endorse-092100,2026-01-27,2026-02-07,period,首長の支持表明,municipality,09,栃木県第3区,092100,相馬憲一,,大田原市長,渡辺 しんたろう,衆院栃木3区候補(無所属、選挙区当選),大田原市長 相馬憲一 が 渡辺 しんたろう(無所属)を支援(その他(支援を受ける、と報道)),三森元県議や川俣那須烏山市長、相馬大田原市長、益子那珂川町長の支援を受ける渡辺氏に対し、簗氏は渡辺那須塩原市長、平山幸宏那須町長の支援を受けた。,https://www.shimotsuke.co.jp/articles/-/1434360,下野新聞(下野新聞デジタル、無料公開記事),2026-10-04,出典は支援の日付を示していない。公示日(2026-01-27、県選管 候補者届出状況公表票の届出日)から投票日前日(2026-02-07)までの選挙期間として記録。首長の党派は未収集,2026-10-08
m-2026ge-endorse-092118,2026-01-27,2026-02-07,period,首長の支持表明,municipality,09,栃木県第3区,092118,森島武芳,,矢板市長,やな 和生,衆院栃木3区候補(自由民主党公認、落選・比例復活),矢板市長 森島武芳 が やな 和生(自由民主党公認)を支援(出陣式出席),森島武芳矢板市長も簗氏の出陣式の壇上に上がった。,https://www.shimotsuke.co.jp/articles/-/1434360,下野新聞(下野新聞デジタル、無料公開記事),2026-10-04,出典は支援の日付を示していない。公示日(2026-01-27、県選管 候補者届出状況公表票の届出日)から投票日前日(2026-02-07)までの選挙期間として記録。首長の党派は未収集,2026-10-08
m-2026ge-endorse-092134,2026-01-27,2026-02-07,period,首長の支持表明,municipality,09,栃木県第3区,092134,渡辺美知太郎,,那須塩原市長,やな 和生,衆院栃木3区候補(自由民主党公認、落選・比例復活),那須塩原市長 渡辺美知太郎 が やな 和生(自由民主党公認)を支援(その他(支援を受けた、と報道)),三森元県議や川俣那須烏山市長、相馬大田原市長、益子那珂川町長の支援を受ける渡辺氏に対し、簗氏は渡辺那須塩原市長、平山幸宏那須町長の支援を受けた。,https://www.shimotsuke.co.jp/articles/-/1434360,下野新聞(下野新聞デジタル、無料公開記事),2026-10-04,出典は支援の日付を示していない。公示日(2026-01-27、県選管 候補者届出状況公表票の届出日)から投票日前日(2026-02-07)までの選挙期間として記録。首長の党派は未収集,2026-10-08
m-2026ge-endorse-092151,2026-01-27,2026-02-07,period,首長の支持表明,municipality,09,栃木県第3区,092151,川俣純子,,那須烏山市長,渡辺 しんたろう,衆院栃木3区候補(無所属、選挙区当選),那須烏山市長 川俣純子 が 渡辺 しんたろう(無所属)を支援(その他(支援を受ける、と報道)),三森元県議や川俣那須烏山市長、相馬大田原市長、益子那珂川町長の支援を受ける渡辺氏に対し、簗氏は渡辺那須塩原市長、平山幸宏那須町長の支援を受けた。,https://www.shimotsuke.co.jp/articles/-/1434360,下野新聞(下野新聞デジタル、無料公開記事),2026-10-04,出典は支援の日付を示していない。公示日(2026-01-27、県選管 候補者届出状況公表票の届出日)から投票日前日(2026-02-07)までの選挙期間として記録。首長の党派は未収集,2026-10-08
m-2026ge-endorse-094072,2026-01-27,2026-02-07,period,首長の支持表明,municipality,09,栃木県第3区,094072,平山幸宏,,那須町長,やな 和生,衆院栃木3区候補(自由民主党公認、落選・比例復活),那須町長 平山幸宏 が やな 和生(自由民主党公認)を支援(その他(支援を受けた、と報道)),三森元県議や川俣那須烏山市長、相馬大田原市長、益子那珂川町長の支援を受ける渡辺氏に対し、簗氏は渡辺那須塩原市長、平山幸宏那須町長の支援を受けた。,https://www.shimotsuke.co.jp/articles/-/1434360,下野新聞(下野新聞デジタル、無料公開記事),2026-10-04,出典は支援の日付を示していない。公示日(2026-01-27、県選管 候補者届出状況公表票の届出日)から投票日前日(2026-02-07)までの選挙期間として記録。首長の党派は未収集,2026-10-08
m-2026ge-endorse-094111,2026-01-27,2026-02-07,period,首長の支持表明,municipality,09,栃木県第3区,094111,益子純恵,,那珂川町長,渡辺 しんたろう,衆院栃木3区候補(無所属、選挙区当選),那珂川町長 益子純恵 が 渡辺 しんたろう(無所属)を支援(その他(支援を受ける、と報道)),三森元県議や川俣那須烏山市長、相馬大田原市長、益子那珂川町長の支援を受ける渡辺氏に対し、簗氏は渡辺那須塩原市長、平山幸宏那須町長の支援を受けた。,https://www.shimotsuke.co.jp/articles/-/1434360,下野新聞(下野新聞デジタル、無料公開記事),2026-10-04,出典は支援の日付を示していない。公示日(2026-01-27、県選管 候補者届出状況公表票の届出日)から投票日前日(2026-02-07)までの選挙期間として記録。首長の党派は未収集,2026-10-08
