municipality_code,municipality_name,record_type,request_date,date_precision,fiscal_year,recipient,program,project_name,planners,attribution,plan_period,requested_amount_thousand_yen,amount_note,result,result_date,result_amount_thousand_yen,indicator_link,collection_source,quote,note,source_url,retrieved_at
092011,宇都宮市,要望,,,2025,栃木県,県に対する措置要望,真岡宇都宮バイパス,,,,,,不明,,,mlit_road,municipal_page,真岡宇都宮バイパスの早期完成及び早期整備を要望するもの,出典の本文に引用文があることを取得して確認(2026-10-08)。「令和7年度」分の要望事項。提出日は資料に記載なし。,https://www.city.utsunomiya.lg.jp/_res/projects/default_project/_page_/001/040/166/reiwa7nenkenyoubou.pdf,2026-10-08
092011,宇都宮市,要望,,,2025,栃木県,県に対する措置要望,LRT延伸への支援,,,,,,不明,,,all,municipal_page,JR宇都宮駅東側の整備と同様の支援を要望するもの,出典の本文に引用文があることを取得して確認(2026-10-08)。「令和7年度」分の要望事項。提出日は資料に記載なし。,https://www.city.utsunomiya.lg.jp/_res/projects/default_project/_page_/001/040/166/reiwa7nenkenyoubou.pdf,2026-10-08
092011,宇都宮市,要望,,,2023,栃木県,県に対する措置要望,田川・姿川の河川改修及び調節池,,,,,,不明,,,all,municipal_page,河川改修及び調節池の整備を要望するもの,出典の本文に引用文があることを取得して確認(2026-10-08)。「令和5年度」分の要望事項。提出日は資料に記載なし。,https://www.city.utsunomiya.lg.jp/_res/projects/default_project/_page_/001/035/632/reiwa5nenkenyoubou.pdf,2026-10-08
092088,小山市,要望,2025-07-03,day,2025,栃木県,要望活動,県への要望活動,,,,,,不明,,,all,municipal_page,県への要望活動,出典の本文に引用文があることを取得して確認(2026-10-08)。日付は同じページ内の日付表記と照合(記載行との対応は人が確認すること)。,https://www.city.oyama.tochigi.jp/mayor/ugoki/page009320.html,2026-10-08
092088,小山市,要望,2025-07-08,day,2025,国,要望活動,国への要望活動,,,,,,不明,,,all,municipal_page,国への要望活動,出典の本文に引用文があることを取得して確認(2026-10-08)。日付は同じページ内の日付表記と照合(記載行との対応は人が確認すること)。,https://www.city.oyama.tochigi.jp/mayor/ugoki/page009320.html,2026-10-08
092088,小山市,要望,2025-11-17,day,2025,栃木県,要望活動,杣井木川の排水強化,,,,,,不明,,,all,municipal_page,による要望活動（栃木県庁）,出典の本文に引用文があることを取得して確認(2026-10-08)。日付は同じページ内の日付表記と照合(記載行との対応は人が確認すること)。,https://www.city.oyama.tochigi.jp/mayor/ugoki/page009921.html,2026-10-08
092088,小山市,要望,2026-07-08,day,2026,栃木県,要望活動,県への要望活動,,,,,,不明,,,all,municipal_page,県への要望活動（栃木県庁他）,出典の本文に引用文があることを取得して確認(2026-10-08)。日付は同じページ内の日付表記と照合(記載行との対応は人が確認すること)。,https://www.city.oyama.tochigi.jp/mayor/ugoki/page011867.html,2026-10-08
092088,小山市,要望,2026-07-30,day,2026,国,要望活動,国への要望活動,,,,,,不明,,,all,municipal_page,国への要望活動（さいたま新都心他）,出典の本文に引用文があることを取得して確認(2026-10-08)。日付は同じページ内の日付表記と照合(記載行との対応は人が確認すること)。,https://www.city.oyama.tochigi.jp/mayor/ugoki/page011867.html,2026-10-08
092096,真岡市,要望,2025-11-20,day,2025,国,要望活動,国への要望活動,,,,,,不明,,,all,municipal_page,国への要望活動,出典の本文に引用文があることを取得して確認(2026-10-08)。日付は同じページ内の日付表記と照合(記載行との対応は人が確認すること)。,https://www.city.moka.lg.jp/material/files/group/58/11gatsunoyotei7.pdf,2026-10-08
092142,さくら市,要望,2026-03-26,day,2025,栃木県知事,要望,蒲須坂工業団地南側地区の産業団地整備,,,,,,不明,,,all,municipal_page,中村市長から福田知事に対し,出典の本文に引用文があることを取得して確認(2026-10-08)。日付は同じページ内の日付表記と照合(記載行との対応は人が確認すること)。,https://www.city.tochigi-sakura.lg.jp/business/000042/000620/p005098.html,2026-10-08
092169,下野市,要望,2025-10-06,day,2025,国,要望活動,国への要望活動,,,,,,不明,,,all,municipal_page,国への要望活動,出典の本文に引用文があることを取得して確認(2026-10-08)。日付は同じページ内の日付表記と照合(記載行との対応は人が確認すること)。,https://www.city.shimotsuke.lg.jp/2143/info-0000010352-3.html,2026-10-08
092169,下野市,要望,2025-10-20,day,2025,栃木県,要望活動,県への要望活動,,,,,,不明,,,all,municipal_page,県への要望活動,出典の本文に引用文があることを取得して確認(2026-10-08)。日付は同じページ内の日付表記と照合(記載行との対応は人が確認すること)。,https://www.city.shimotsuke.lg.jp/2143/info-0000010352-3.html,2026-10-08
093017,上三川町,要望,2025-07-31,day,2025,国土交通副大臣,要望,道の駅整備事業・水道,,,,,,不明,,,all,municipal_page,道の駅整備事業の推進に係る十分な支援,出典の本文に引用文があることを取得して確認(2026-10-08)。日付は同じページ内の日付表記と照合(記載行との対応は人が確認すること)。,https://www.town.kaminokawa.lg.jp/0044/info-0000003559-0.html,2026-10-08
093017,上三川町,要望,2024-12-11,day,2024,国土交通副大臣,要望,通学路・武名瀬川・上水道,,,,,,不明,,,all,municipal_page,通学路の整備、武名瀬川の改修、上水道管の耐震化整備などを要望,出典の本文に引用文があることを取得して確認(2026-10-08)。日付は同じページ内の日付表記と照合(記載行との対応は人が確認すること)。,https://www.town.kaminokawa.lg.jp/0044/info-0000003559-0.html,2026-10-08
093017,上三川町,要望,2026-08-03,day,2026,栃木県知事,要望,道の駅・産業団地・道路改築ほか,,,,,,不明,,,all,municipal_page,町長が県知事を訪問し要望活動を行いました,出典の本文に引用文があることを取得して確認(2026-10-08)。日付は同じページ内の日付表記と照合(記載行との対応は人が確認すること)。,https://www.town.kaminokawa.lg.jp/0044/info-0000002808-0.html,2026-10-08
093645,野木町,要望,,,2025,国,要望活動,国への要望活動,,,,,,不明,,,all,municipal_page,国への要望活動,出典の本文に引用文があることを取得して確認(2026-10-08)。日付 2025-10-29 は本文中の日付表記で確認できなかったため申請日を空欄にした。,https://www.town.nogi.lg.jp/cyousei/mayor_room/mayor_activity/r7ugoki/r7kousaihi10_.html,2026-10-08
093866,高根沢町,要望,,,2024,国,要望活動,国への要望活動,,,,,,不明,,,all,municipal_page,国への要望活動（東京都）,出典の本文に引用文があることを取得して確認(2026-10-08)。日付 2024-11-27 は本文中の日付表記で確認できなかったため申請日を空欄にした。,https://www.town.takanezawa.tochigi.jp/gyosei/chocho/documents/chochougokiR611.pdf,2026-10-08
093866,高根沢町,要望,2025-11-18,day,2025,国,要望活動,国への要望活動,,,,,,不明,,,all,municipal_page,国への要望活動（東京都）,出典の本文に引用文があることを取得して確認(2026-10-08)。日付は同じページ内の日付表記と照合(記載行との対応は人が確認すること)。,https://www.town.takanezawa.tochigi.jp/gyosei/chocho/documents/chochougokiR711.pdf,2026-10-08
094072,那須町,要望,2025-08-04,day,2025,財務副大臣 斎藤洋明・国土交通副大臣 高橋克法ほか,要望,国道4号多車線化・東北道6車線化・社総交/防安交の必要額確保ほか,,,,,,不明,,,all,municipal_page,社会資本整備総合交付金及び防災・安全交付金の長期安定的な必要額の確保,出典の本文に引用文があることを取得して確認(2026-10-08)。日付は同じページ内の日付表記と照合(記載行との対応は人が確認すること)。,https://www.town.nasu.lg.jp/manage/contents/upload/69118b97d702a.pdf,2026-10-08
094072,那須町,要望,2025-10-28,day,2025,国土交通省・財務省,要望,国道4号多車線化・東北道6車線化ほか,,,,,,不明,,,all,municipal_page,一般国道４号の多車線化及び東北縦貫自動車道の６車線化,出典の本文に引用文があることを取得して確認(2026-10-08)。日付は同じページ内の日付表記と照合(記載行との対応は人が確認すること)。,https://www.town.nasu.lg.jp/manage/contents/upload/69118ba0b4f1e.pdf,2026-10-08
094072,那須町,要望,2024-12-09,day,2024,財務副大臣 斎藤洋明・国交省局長級,要望,奥那須地区へのアクセス道路ほか,,,,,,不明,,,mlit_road,municipal_page,奥那須地区へのアクセス道路の強化について、特段の支援,出典の本文に引用文があることを取得して確認(2026-10-08)。日付は同じページ内の日付表記と照合(記載行との対応は人が確認すること)。,https://www.town.nasu.lg.jp/manage/contents/upload/69118c9158d05.pdf,2026-10-08
094072,那須町,要望,2024-08-05,day,2024,国交省技監・財務大臣政務官 進藤金日子,要望,国道4号・東北道,,,,,,不明,,,mlit_road,municipal_page,６車線化を要望します,出典の本文に引用文があることを取得して確認(2026-10-08)。日付は同じページ内の日付表記と照合(記載行との対応は人が確認すること)。,https://www.town.nasu.lg.jp/manage/contents/upload/69118c8089225.pdf,2026-10-08
