municipality_code,municipality_name,collection_source,status,note,checked_urls,source_url
092151,那須烏山市,municipal_plan_pdf,収集済,市サイト「社会資本総合整備計画の公表について」から計画書 2 件,https://www.city.nasukarasuyama.lg.jp/community-tourism-industry/urban-planning/page001940.html,https://www.city.nasukarasuyama.lg.jp/community-tourism-industry/urban-planning/page001940.html
092151,那須烏山市,municipal_page,未収集,市サイトをキーワードで 45 ページ巡回(要望・社会資本・交付金ほか)。国・県への要望のページは見つからなかった(見つかった「庁舎整備に関する要望書」は自治会から市への要望で対象外),https://www.city.nasukarasuyama.lg.jp/,
094111,那珂川町,municipal_plan_pdf,未収集,町サイトをキーワードで 44 ページ巡回。社会資本総合整備計画の掲載ページは見つからなかった(国交省の配分資料では那珂川町が単独の策定主体となる計画はなく、共同計画のみ),https://www.town.tochigi-nakagawa.lg.jp/,
094111,那珂川町,municipal_page,未収集,町サイトをキーワードで 44 ページ巡回。国・県への要望のページは見つからなかった,https://www.town.tochigi-nakagawa.lg.jp/,
092029,足利市,municipal_plan_pdf,未収集,robots.txt が PDF を全エージェントに対して拒否。HTML ページでは計画を確認できず,https://www.city.ashikaga.tochigi.jp/robots.txt,
092029,足利市,municipal_page,未収集,期成同盟会のページのみ(要望先・日付の記載なし),https://www.city.ashikaga.tochigi.jp/urban/000065/000348/000743/p003820.html,
092045,佐野市,municipal_plan_pdf,未収集,対象期間(2021年度以降)の計画が見つからない(平成19〜28年度の都市再生整備計画のみ),,
092045,佐野市,municipal_page,未収集,検索で見つからない,,
092061,日光市,municipal_plan_pdf,未収集,都市再生整備計画(旧様式)の PDF は取得したが社会資本総合整備計画の様式でないため読み取り対象外,https://www.city.nikko.lg.jp/soshiki/7/1032/7/403.html,
092061,日光市,municipal_page,未収集,地区懇談会記録に「毎年要望活動」の記述のみ(個別の要望の日付・要望先なし),,
092100,大田原市,municipal_plan_pdf,未収集,掲載ページ(R2〜R5 の計画)の PDF のファイル名を確認できていない,https://www.city.ohtawara.tochigi.jp/docs/2013082773319/,
092100,大田原市,municipal_page,未収集,検索で見つからない,,
092118,矢板市,municipal_plan_pdf,未収集,都市計画のカテゴリで確認できず,,
092118,矢板市,municipal_page,未収集,検索で見つからない,,
092134,那須塩原市,municipal_plan_pdf,未収集,掲載ページは県の下水道計画への案内のみ。黒磯駅周辺地区の PDF は未確認,https://www.city.nasushiobara.tochigi.jp/kurashi_tetsuzuki/jogesuido/gesuido/5/11602.html,
092134,那須塩原市,municipal_page,未収集,記者会見ページ(2024-08-22、2025-08-20)を確認したが要望の記録なし,,
092142,さくら市,municipal_plan_pdf,未収集,robots.txt が PDF を全エージェントに対して拒否(計画書 PDF は取得しない),https://www.city.tochigi-sakura.lg.jp/robots.txt,
092169,下野市,municipal_plan_pdf,未収集,robots.txt が PDF を全エージェントに対して拒否(計画書 PDF は取得しない),https://www.city.shimotsuke.lg.jp/robots.txt,
093017,上三川町,municipal_plan_pdf,未収集,計画書 PDF は取得したが様式を読み取れなかった,https://www.town.kaminokawa.lg.jp/0032/info-0000002994-0.html,
093424,益子町,municipal_plan_pdf,未収集,都市再生整備計画の PDF のファイル名を確認できていない,https://www.town.mashiko.lg.jp/page/page001037.html,
093424,益子町,municipal_page,未収集,検索とカテゴリページで見つからない,,
093432,茂木町,municipal_plan_pdf,未収集,robots.txt が /motegi/download/(PDF)を拒否,https://www.town.motegi.tochigi.jp/robots.txt,
093432,茂木町,municipal_page,未収集,町長の日記に要望活動の記述があるとの調査結果を得たが、取得したページで引用文を確認できなかったため登録していない,https://www.town.motegi.tochigi.jp/motegi/nextpage.php?cd=8195&syurui=1,
093441,市貝町,municipal_plan_pdf,未収集,建設課の一覧で確認できず,,
093441,市貝町,municipal_page,未収集,検索で見つからない,,
093459,芳賀町,municipal_plan_pdf,未収集,公式サイト(www.town.haga.tochigi.jp)の名前解決に失敗し取得できない(2026-10-08),,
093459,芳賀町,municipal_page,未収集,公式サイトを取得できない(2026-10-08),,
093611,壬生町,municipal_page,未収集,町長の日程は当月分 PDF のみで確認できず,,
093645,野木町,municipal_plan_pdf,未収集,確認できず,,
093840,塩谷町,municipal_plan_pdf,未収集,検索で見つからない,,
093840,塩谷町,municipal_page,未収集,検索で見つからない,,
094072,那須町,municipal_plan_pdf,未収集,検索で見つからない,,
092037,栃木市,municipal_page,未収集,検索で見つからない,,
092053,鹿沼市,municipal_page,未収集,知事への要望書提出の記述はあるが年の記載がなく登録していない,,
092096,真岡市,municipal_plan_pdf,収集済,計画書 1 件,,
