municipality_code,municipality_name,kind,url,page_url,note,retrieved_at
092151,那須烏山市,plan_pdf,https://www.city.nasukarasuyama.lg.jp/data/doc/1733188571_doc_101_0.pdf,https://www.city.nasukarasuyama.lg.jp/community-tourism-industry/urban-planning/page001940.html,市サイト「社会資本総合整備計画の公表について」掲載の計画書,2026-10-08
092151,那須烏山市,plan_pdf,https://www.city.nasukarasuyama.lg.jp/data/doc/1726106362_doc_101_0.pdf,https://www.city.nasukarasuyama.lg.jp/community-tourism-industry/urban-planning/page001940.html,市サイト「社会資本総合整備計画の公表について」掲載の計画書,2026-10-08
092011,宇都宮市,plan_pdf,https://www.city.utsunomiya.lg.jp/_res/projects/default_project/_page_/001/005/985/kyotenkandaisanki.pdf,,市町サイト掲載の社会資本総合整備計画の計画書(計画書の様式を読めたもののみ),2026-10-08
092011,宇都宮市,plan_pdf,https://www.city.utsunomiya.lg.jp/_res/projects/default_project/_page_/001/012/437/seibikeikaku3.pdf,,市町サイト掲載の社会資本総合整備計画の計画書(計画書の様式を読めたもののみ),2026-10-08
092011,宇都宮市,plan_pdf,https://www.city.utsunomiya.lg.jp/_res/projects/default_project/_page_/001/005/985/daiyonki.pdf,,市町サイト掲載の社会資本総合整備計画の計画書(計画書の様式を読めたもののみ),2026-10-08
092011,宇都宮市,plan_pdf,https://www.city.utsunomiya.lg.jp/_res/projects/default_project/_page_/001/005/985/bousaianzen.pdf,,市町サイト掲載の社会資本総合整備計画の計画書(計画書の様式を読めたもののみ),2026-10-08
092037,栃木市,plan_pdf,https://www.city.tochigi.lg.jp/uploaded/attachment/68361.pdf,,市町サイト掲載の社会資本総合整備計画の計画書(計画書の様式を読めたもののみ),2026-10-08
092037,栃木市,plan_pdf,https://www.city.tochigi.lg.jp/uploaded/attachment/64307.pdf,,市町サイト掲載の社会資本総合整備計画の計画書(計画書の様式を読めたもののみ),2026-10-08
092053,鹿沼市,plan_pdf,https://www.city.kanuma.tochigi.jp/manage/contents/upload/69b8fe166d867.pdf,https://www.city.kanuma.tochigi.jp/0377/info-0000000193-0.html,市町サイト掲載の社会資本総合整備計画の計画書(計画書の様式を読めたもののみ),2026-10-08
092088,小山市,plan_pdf,https://www.city.oyama.tochigi.jp/data/doc/1790650028_doc_555_0.pdf,https://www.city.oyama.tochigi.jp/kurashi/douro-kouen/kouen/page007772.html,市町サイト掲載の社会資本総合整備計画の計画書(計画書の様式を読めたもののみ),2026-10-08
092088,小山市,plan_pdf,https://www.city.oyama.tochigi.jp/data/doc/1790650036_doc_555_0.pdf,https://www.city.oyama.tochigi.jp/kurashi/douro-kouen/kouen/page007772.html,市町サイト掲載の社会資本総合整備計画の計画書(計画書の様式を読めたもののみ),2026-10-08
092088,小山市,plan_pdf,https://www.city.oyama.tochigi.jp/data/doc/1790650043_doc_555_0.pdf,https://www.city.oyama.tochigi.jp/kurashi/douro-kouen/kouen/page007772.html,市町サイト掲載の社会資本総合整備計画の計画書(計画書の様式を読めたもののみ),2026-10-08
092096,真岡市,plan_pdf,https://www.city.moka.lg.jp/material/files/group/24/20260401seibikeikaku.pdf,https://www.city.moka.lg.jp/kakuka/toshikeikaku/gyomu/seisaku_keikaku/1/index.html,市町サイト掲載の社会資本総合整備計画の計画書(計画書の様式を読めたもののみ),2026-10-08
093611,壬生町,plan_pdf,https://www.town.mibu.tochigi.jp/docs/2025091100048/file_contents/mibukouenchoujumyouka2.pdf,https://www.town.mibu.tochigi.jp/docs/2025091100048/,市町サイト掲載の社会資本総合整備計画の計画書(計画書の様式を読めたもののみ),2026-10-08
093866,高根沢町,plan_pdf,https://www.town.takanezawa.tochigi.jp/life/toshikeikaku/keikaku/toshisaisei/documents/shakaishihonsougouseibikeikaku.pdf,https://www.town.takanezawa.tochigi.jp/life/toshikeikaku/keikaku/toshisaisei/index.html,市町サイト掲載の社会資本総合整備計画の計画書(計画書の様式を読めたもののみ),2026-10-08
